507,증권사,KOSPI,001200,유진투자증권
507,증권사,KOSPI,001270,부국증권
507,증권사,KOSPI,001290,상상인증권
507,증권사,KOSPI,001500,현대차증권
507,증권사,KOSPI,001510,SK증권
507,증권사,KOSPI,001720,신영증권
507,증권사,KOSPI,001750,한양증권
507,증권사,KOSPI,003460,유화증권
507,증권사,KOSPI,003470,유안타증권
507,증권사,KOSPI,003530,한화투자증권
507,증권사,KOSPI,003540,대신증권
507,증권사,KOSPI,005940,NH투자증권
507,증권사,KOSPI,006800,미래에셋증권
507,증권사,KOSPI,016360,삼성증권
507,증권사,KOSPI,016610,DB금융투자
507,증권사,KOSPI,030210,다올투자증권
507,증권사,KOSPI,030610,교보증권
507,증권사,KOSPI,039490,키움증권
507,증권사,KOSPI,071050,한국금융지주
507,증권사,KOSDAQ,078020,이베스트투자증권
507,증권사,KOSPI,138040,메리츠금융지주
507,증권사,KOSDAQ,190650,코리아에셋투자증권
515,생명보험,KOSPI,032830,삼성생명
515,생명보험,KOSPI,082640,동양생명
515,생명보험,KOSPI,085620,미래에셋생명
515,생명보험,KOSPI,088350,한화생명
516,종합반도체,KOSPI,000660,SK하이닉스
516,종합반도체,KOSPI,000990,DB하이텍
516,종합반도체,KOSPI,005930,삼성전자
532,지진,KOSPI,004440,삼일씨엔에스
532,지진,KOSPI,023350,한국종합기술
532,지진,KOSPI,028100,동아지질
532,지진,KOSDAQ,054540,삼영엠텍
532,지진,KOSDAQ,060370,LS마린솔루션
532,지진,KOSDAQ,101670,하이드로리튬
532,지진,KOSDAQ,140520,대창스틸
539,강관,KOSPI,000970,한국주철관
539,강관,KOSPI,003030,세아제강지주
539,강관,KOSPI,005010,휴스틸
539,강관,KOSPI,008970,동양철관
539,강관,KOSPI,014280,금강공업
539,강관,KOSDAQ,048470,대동스틸
539,강관,KOSPI,071090,하이스틸
539,강관,KOSPI,092790,넥스틸
539,강관,KOSDAQ,146060,율촌
539,강관,KOSPI,306200,세아제강
540,조선,KOSPI,009540,HD한국조선해양
540,조선,KOSPI,010140,삼성중공업
540,조선,KOSPI,010620,현대미포조선
540,조선,KOSPI,042660,한화오션
540,조선,KOSPI,097230,HJ중공업
540,조선,KOSPI,329180,HD현대중공업
543,항공사,KOSPI,003490,대한항공
543,항공사,KOSPI,004870,티웨이홀딩스
543,항공사,KOSPI,020560,아시아나항공
543,항공사,KOSDAQ,036000,예림당
543,항공사,KOSPI,089590,제주항공
543,항공사,KOSPI,091810,티웨이항공
543,항공사,KOSPI,272450,진에어
543,항공사,KOSPI,298690,에어부산
545,LNG 발전·유통,KOSPI,004690,삼천리
545,LNG 발전·유통,KOSPI,017390,서울가스
545,LNG 발전·유통,KOSPI,018670,SK가스
545,LNG 발전·유통,KOSPI,036460,한국가스공사
545,LNG 발전·유통,KOSDAQ,053050,지에스이
545,LNG 발전·유통,KOSPI,071320,지역난방공사
545,LNG 발전·유통,KOSPI,117580,대성에너지
545,LNG 발전·유통,KOSPI,128820,대성산업
545,LNG 발전·유통,KOSPI,267290,경동도시가스
546,디지털자산·블록체인,KOSPI,002020,코오롱
546,디지털자산·블록체인,KOSPI,003530,한화투자증권
546,디지털자산·블록체인,KOSDAQ,019550,SBI인베스트먼트
546,디지털자산·블록체인,KOSDAQ,021080,에이티넘인베스트
546,디지털자산·블록체인,KOSDAQ,036090,위지트
546,디지털자산·블록체인,KOSDAQ,041190,우리기술투자
546,디지털자산·블록체인,KOSDAQ,046440,KG모빌리언스
546,디지털자산·블록체인,KOSDAQ,054920,한컴위드
546,디지털자산·블록체인,KOSDAQ,057680,티사이언티픽
546,디지털자산·블록체인,KOSDAQ,058630,엠게임
546,디지털자산·블록체인,KOSDAQ,064260,다날
546,디지털자산·블록체인,KOSDAQ,094480,갤럭시아머니트리
546,디지털자산·블록체인,KOSDAQ,214270,FSN
546,디지털자산·블록체인,KOSDAQ,241520,DSC인베스트먼트
546,디지털자산·블록체인,KOSDAQ,246690,TS인베스트먼트
551,5G·6G,KOSDAQ,010170,대한광통신
551,5G·6G,KOSPI,017670,SK텔레콤
551,5G·6G,KOSPI,030200,KT
551,5G·6G,KOSDAQ,032500,케이엠더블유
551,5G·6G,KOSPI,032640,LG유플러스
551,5G·6G,KOSDAQ,035460,기산텔레콤
551,5G·6G,KOSDAQ,037460,삼지전자
551,5G·6G,KOSDAQ,039560,다산네트웍스
551,5G·6G,KOSDAQ,046970,우리로
551,5G·6G,KOSDAQ,049080,기가레인
551,5G·6G,KOSDAQ,050890,쏠리드
551,5G·6G,KOSDAQ,052460,아이크래프트
551,5G·6G,KOSDAQ,056360,코위버
551,5G·6G,KOSDAQ,062970,피피아이
551,5G·6G,KOSDAQ,065440,이루온
551,5G·6G,KOSDAQ,065530,와이어블
551,5G·6G,KOSDAQ,069410,엔텔스
551,5G·6G,KOSPI,072130,유엔젤
551,5G·6G,KOSDAQ,072950,빛샘전자
551,5G·6G,KOSDAQ,072990,에이치시티
551,5G·6G,KOSDAQ,073490,이노와이어리스
551,5G·6G,KOSDAQ,073540,에프알텍
551,5G·6G,KOSPI,078000,텔코웨어
551,5G·6G,KOSDAQ,088280,쏘닉스
551,5G·6G,KOSDAQ,088800,에이스테크
551,5G·6G,KOSDAQ,091440,한울소재과학
551,5G·6G,KOSDAQ,095270,웨이브일렉트로
551,5G·6G,KOSDAQ,100590,머큐리
551,5G·6G,KOSDAQ,115440,우리넷
551,5G·6G,KOSDAQ,138080,오이솔루션
551,5G·6G,KOSDAQ,148250,알엔투테크놀로지
551,5G·6G,KOSDAQ,175140,인포마크
551,5G·6G,KOSDAQ,178320,서진시스템
551,5G·6G,KOSDAQ,215790,이노인스트루먼트
551,5G·6G,KOSDAQ,218410,RFHIC
551,5G·6G,KOSDAQ,230240,에치에프알
551,5G·6G,KOSDAQ,264450,유비쿼스
551,5G·6G,KOSDAQ,321370,센서뷰
551,5G·6G,KOSDAQ,327260,RF머트리얼즈
551,5G·6G,KOSDAQ,332570,와이팜
551,5G·6G,KOSDAQ,380540,옵티코어
551,5G·6G,KOSDAQ,389020,자람테크놀로지
552,게임,KOSDAQ,023770,플레이위드
552,게임,KOSDAQ,030350,드래곤플라이
552,게임,KOSPI,035420,NAVER
552,게임,KOSDAQ,035620,바른손이앤에이
552,게임,KOSPI,036570,엔씨소프트
552,게임,KOSDAQ,042420,네오위즈홀딩스
552,게임,KOSDAQ,047080,한빛소프트
552,게임,KOSDAQ,047560,이스트소프트
552,게임,KOSDAQ,052790,액토즈소프트
552,게임,KOSDAQ,058630,엠게임
552,게임,KOSDAQ,060240,룽투코리아
552,게임,KOSDAQ,063080,컴투스홀딩스
552,게임,KOSDAQ,067000,조이시티
552,게임,KOSDAQ,069080,웹젠
552,게임,KOSDAQ,078340,컴투스
552,게임,KOSDAQ,094860,네오리진
552,게임,KOSDAQ,095660,네오위즈
552,게임,KOSDAQ,101730,위메이드맥스
552,게임,KOSDAQ,109960,에이프로젠 H&G
552,게임,KOSDAQ,111870,KH 전자
552,게임,KOSDAQ,112040,위메이드
552,게임,KOSDAQ,123420,위메이드플레이
552,게임,KOSPI,181710,NHN
552,게임,KOSPI,192080,더블유게임즈
552,게임,KOSDAQ,193250,와이제이엠게임즈
552,게임,KOSDAQ,194480,데브시스터즈
552,게임,KOSDAQ,201490,미투온
552,게임,KOSDAQ,204610,티쓰리
552,게임,KOSDAQ,205500,액션스퀘어
552,게임,KOSDAQ,206400,베노티앤알
552,게임,KOSDAQ,208640,썸에이지
552,게임,KOSDAQ,217270,넵튠
552,게임,KOSDAQ,225570,넥슨게임즈
552,게임,KOSPI,251270,넷마블
552,게임,KOSPI,259960,크래프톤
552,게임,KOSDAQ,263750,펄어비스
552,게임,KOSDAQ,293490,카카오게임즈
552,게임,KOSDAQ,331520,밸로프
552,게임,KOSDAQ,348030,모비릭스
552,게임,KOSDAQ,950190,고스트스튜디오
554,비철금속-니켈,KOSPI,004560,현대비앤지스틸
554,비철금속-니켈,KOSPI,005490,POSCO홀딩스
554,비철금속-니켈,KOSPI,009190,대양금속
554,비철금속-니켈,KOSPI,011810,STX
554,비철금속-니켈,KOSDAQ,023440,제이스코홀딩스
554,비철금속-니켈,KOSDAQ,025550,한국선재
554,비철금속-니켈,KOSPI,032560,황금에스티
554,비철금속-니켈,KOSPI,047050,포스코인터내셔널
554,비철금속-니켈,KOSDAQ,081150,티플랙스
555,마리화나,KOSDAQ,052420,오성첨단소재
555,마리화나,KOSDAQ,061250,화일약품
555,마리화나,KOSDAQ,082850,우리바이오
555,마리화나,KOSDAQ,222810,세토피아
555,마리화나,KOSDAQ,245620,EDGC
555,마리화나,KOSDAQ,256840,한국비엔씨
555,마리화나,KOSDAQ,265740,엔에프씨
555,마리화나,KOSDAQ,900100,애머릿지
556,스마트폰 부품·소재,KOSPI,007810,코리아써키트
556,스마트폰 부품·소재,KOSDAQ,014190,원익큐브
556,스마트폰 부품·소재,KOSDAQ,027580,상보
556,스마트폰 부품·소재,KOSPI,033240,자화전자
556,스마트폰 부품·소재,KOSDAQ,038060,루멘스
556,스마트폰 부품·소재,KOSDAQ,049070,인탑스
556,스마트폰 부품·소재,KOSDAQ,051370,인터플렉스
556,스마트폰 부품·소재,KOSDAQ,052710,아모텍
556,스마트폰 부품·소재,KOSPI,055490,테이팩스
556,스마트폰 부품·소재,KOSDAQ,060720,KH바텍
556,스마트폰 부품·소재,KOSDAQ,069510,에스텍
556,스마트폰 부품·소재,KOSDAQ,082210,옵트론텍
556,스마트폰 부품·소재,KOSDAQ,089010,켐트로닉스
556,스마트폰 부품·소재,KOSPI,090460,비에이치
556,스마트폰 부품·소재,KOSDAQ,091700,파트론
556,스마트폰 부품·소재,KOSPI,097520,엠씨넥스
556,스마트폰 부품·소재,KOSDAQ,106080,하이소닉
556,스마트폰 부품·소재,KOSDAQ,106240,파인테크닉스
556,스마트폰 부품·소재,KOSPI,120110,코오롱인더
556,스마트폰 부품·소재,KOSDAQ,122990,와이솔
556,스마트폰 부품·소재,KOSDAQ,129920,대성하이텍
556,스마트폰 부품·소재,KOSDAQ,131760,파인텍
556,스마트폰 부품·소재,KOSDAQ,144960,뉴파워프라즈마
556,스마트폰 부품·소재,KOSDAQ,148150,세경하이테크
556,스마트폰 부품·소재,KOSPI,178920,PI첨단소재
556,스마트폰 부품·소재,KOSDAQ,179900,유티아이
556,스마트폰 부품·소재,KOSDAQ,190510,나무가
556,스마트폰 부품·소재,KOSPI,192650,드림텍
556,스마트폰 부품·소재,KOSDAQ,272290,이녹스첨단소재
556,스마트폰 부품·소재,KOSDAQ,290550,디케이티
556,스마트폰 부품·소재,KOSDAQ,441270,파인엠텍
557,MLCC,KOSPI,001820,삼화콘덴서
557,MLCC,KOSPI,005070,코스모신소재
557,MLCC,KOSPI,009150,삼성전기
557,MLCC,KOSDAQ,052710,아모텍
557,MLCC,KOSDAQ,078600,대주전자재료
557,MLCC,KOSDAQ,096610,알에프세미
557,MLCC,KOSDAQ,149950,아바텍
557,MLCC,KOSDAQ,306620,네온테크
557,MLCC,KOSDAQ,320000,윈텍
558,골프,KOSDAQ,019010,베뉴지
558,골프,KOSDAQ,025980,아난티
558,골프,KOSDAQ,067900,와이엔텍
558,골프,KOSPI,070960,용평리조트
558,골프,KOSPI,081660,휠라홀딩스
558,골프,KOSDAQ,100120,뷰웍스
558,골프,KOSDAQ,110790,크리스에프앤씨
558,골프,KOSDAQ,111710,남화산업
558,골프,KOSDAQ,121440,골프존뉴딘홀딩스
558,골프,KOSDAQ,122450,KX
558,골프,KOSDAQ,215000,골프존
558,골프,KOSDAQ,300120,라온피플
558,골프,KOSDAQ,308100,까스텔바작
558,골프,KOSDAQ,365900,브이씨
559,바이오 - 이중항체,KOSPI,128940,한미약품
559,바이오 - 이중항체,KOSDAQ,174900,앱클론
559,바이오 - 이중항체,KOSPI,185750,종근당
559,바이오 - 이중항체,KOSDAQ,208340,파멥신
559,바이오 - 이중항체,KOSDAQ,298380,에이비엘바이오
559,바이오 - 이중항체,KOSDAQ,338840,와이바이오로직스
559,바이오 - 이중항체,KOSDAQ,397030,에이프릴바이오
560,면역세포치료제,KOSDAQ,013720,CBI
560,면역세포치료제,KOSDAQ,016790,카나리아바이오
560,면역세포치료제,KOSPI,051910,LG화학
560,면역세포치료제,KOSDAQ,052020,에스티큐브
560,면역세포치료제,KOSDAQ,078160,메디포스트
560,면역세포치료제,KOSDAQ,083640,인콘
560,면역세포치료제,KOSDAQ,084990,헬릭스미스
560,면역세포치료제,KOSDAQ,085660,차바이오텍
560,면역세포치료제,KOSDAQ,095700,제넥신
560,면역세포치료제,KOSDAQ,102940,코오롱생명과학
560,면역세포치료제,KOSDAQ,144510,지씨셀
560,면역세포치료제,KOSDAQ,174900,앱클론
560,면역세포치료제,KOSDAQ,182400,엔케이맥스
560,면역세포치료제,KOSDAQ,195940,HK이노엔
560,면역세포치료제,KOSDAQ,263050,유틸렉스
560,면역세포치료제,KOSDAQ,299660,셀리드
560,면역세포치료제,KOSDAQ,308080,바이젠셀
560,면역세포치료제,KOSDAQ,323990,박셀바이오
560,면역세포치료제,KOSDAQ,358570,지아이이노베이션
560,면역세포치료제,KOSDAQ,372320,큐로셀
560,면역세포치료제,KOSDAQ,950220,네오이뮨텍
562,금강산 관광,KOSPI,005110,한창
562,금강산 관광,KOSPI,007110,일신석재
562,금강산 관광,KOSDAQ,007720,대명소노시즌
562,금강산 관광,KOSPI,017800,현대엘리베이
562,금강산 관광,KOSDAQ,025980,아난티
562,금강산 관광,KOSDAQ,043650,국순당
562,금강산 관광,KOSDAQ,054300,팬스타엔터프라이즈
563,키즈,KOSPI,002450,삼익악기
563,키즈,KOSDAQ,039830,오로라
563,키즈,KOSDAQ,048910,대원미디어
563,키즈,KOSDAQ,066910,손오공
563,키즈,KOSPI,068290,삼성출판사
563,키즈,KOSDAQ,215480,토박스코리아
563,키즈,KOSDAQ,317530,캐리소프트
563,키즈,KOSDAQ,407400,꿈비
563,키즈,KOSDAQ,419530,SAMG엔터
566,의류 브랜드,KOSPI,000680,LS네트웍스
566,의류 브랜드,KOSPI,001460,BYC
566,의류 브랜드,KOSPI,002070,비비안
566,의류 브랜드,KOSPI,005390,신성통상
566,의류 브랜드,KOSPI,014990,인디에프
566,의류 브랜드,KOSPI,016090,대현
566,의류 브랜드,KOSPI,020000,한섬
566,의류 브랜드,KOSPI,031430,신세계인터내셔날
566,의류 브랜드,KOSDAQ,036620,감성코퍼레이션
566,의류 브랜드,KOSPI,081660,휠라홀딩스
566,의류 브랜드,KOSPI,088790,진도
566,의류 브랜드,KOSPI,093240,형지엘리트
566,의류 브랜드,KOSDAQ,110790,크리스에프앤씨
566,의류 브랜드,KOSDAQ,204020,그리티
566,의류 브랜드,KOSDAQ,267790,배럴
566,의류 브랜드,KOSPI,278470,에이피알
566,의류 브랜드,KOSDAQ,298540,더네이쳐홀딩스
566,의류 브랜드,KOSDAQ,306040,에스제이그룹
566,의류 브랜드,KOSDAQ,337930,브랜드엑스코퍼레이션
566,의류 브랜드,KOSDAQ,366030,공구우먼
566,의류 브랜드,KOSPI,383220,F&F
567,의류 OEM·ODM,KOSPI,004060,SG세계물산
567,의류 OEM·ODM,KOSPI,005320,국동
567,의류 OEM·ODM,KOSPI,007980,태평양물산
567,의류 OEM·ODM,KOSPI,008600,윌비스
567,의류 OEM·ODM,KOSPI,016450,한세예스24홀딩스
567,의류 OEM·ODM,KOSPI,105630,한세실업
567,의류 OEM·ODM,KOSPI,111110,호전실업
567,의류 OEM·ODM,KOSPI,111380,동인기연
567,의류 OEM·ODM,KOSPI,111770,영원무역
567,의류 OEM·ODM,KOSPI,194370,제이에스코퍼레이션
568,남북경협 - 광물자원개발,KOSPI,000910,유니온
568,남북경협 - 광물자원개발,KOSPI,002360,SH에너지화학
568,남북경협 - 광물자원개발,KOSPI,003670,포스코퓨처엠
568,남북경협 - 광물자원개발,KOSDAQ,009520,포스코엠텍
568,남북경협 - 광물자원개발,KOSPI,010040,한국내화
568,남북경협 - 광물자원개발,KOSPI,011760,현대코퍼레이션
568,남북경협 - 광물자원개발,KOSPI,012160,영흥
568,남북경협 - 광물자원개발,KOSPI,012320,경동인베스트
568,남북경협 - 광물자원개발,KOSPI,017550,수산중공업
568,남북경협 - 광물자원개발,KOSDAQ,025320,시노펙스
568,남북경협 - 광물자원개발,KOSPI,025890,한국주강
568,남북경협 - 광물자원개발,KOSDAQ,027580,상보
568,남북경협 - 광물자원개발,KOSDAQ,037950,엘컴텍
568,남북경협 - 광물자원개발,KOSDAQ,041440,현대에버다임
568,남북경협 - 광물자원개발,KOSDAQ,050090,비케이홀딩스
568,남북경협 - 광물자원개발,KOSDAQ,054540,삼영엠텍
568,남북경협 - 광물자원개발,KOSDAQ,075970,동국알앤에스
568,남북경협 - 광물자원개발,KOSDAQ,081150,티플랙스
568,남북경협 - 광물자원개발,KOSDAQ,096350,대창솔루션
568,남북경협 - 광물자원개발,KOSDAQ,101170,우림피티에스
568,남북경협 - 광물자원개발,KOSDAQ,128660,피제이메탈
568,남북경협 - 광물자원개발,KOSDAQ,222420,쎄노텍
570,남북경협 - DMZ,KOSDAQ,001840,이화공영
570,남북경협 - DMZ,KOSPI,004920,씨아이테크
570,남북경협 - DMZ,KOSPI,005740,크라운해태홀딩스
570,남북경협 - DMZ,KOSDAQ,006920,모헨즈
570,남북경협 - DMZ,KOSPI,010820,퍼스텍
570,남북경협 - DMZ,KOSDAQ,014970,삼륭물산
570,남북경협 - DMZ,KOSDAQ,020710,시공테크
570,남북경협 - DMZ,KOSDAQ,033170,시그네틱스
570,남북경협 - DMZ,KOSDAQ,035890,서희건설
570,남북경협 - DMZ,KOSDAQ,043910,자연과환경
570,남북경협 - DMZ,KOSDAQ,056080,유진로봇
570,남북경협 - DMZ,KOSDAQ,065950,웰크론
570,남북경협 - DMZ,KOSDAQ,069140,누리플랜
570,남북경협 - DMZ,KOSPI,071950,코아스
570,남북경협 - DMZ,KOSDAQ,101670,하이드로리튬
570,남북경협 - DMZ,KOSDAQ,131180,딜리
570,남북경협 - DMZ,KOSDAQ,140520,대창스틸
570,남북경협 - DMZ,KOSDAQ,214680,디알텍
571,의류 소재,KOSPI,000050,경방
571,의류 소재,KOSPI,001530,DI동일
571,의류 소재,KOSPI,003200,일신방직
571,의류 소재,KOSPI,003240,태광산업
571,의류 소재,KOSPI,003830,대한화섬
571,의류 소재,KOSPI,006380,카프로
571,의류 소재,KOSPI,079980,휴비스
571,의류 소재,KOSDAQ,104480,티케이케미칼
571,의류 소재,KOSPI,298000,효성화학
571,의류 소재,KOSPI,298020,효성티앤씨
572,음식료 - 밀가루,KOSPI,001130,대한제분
572,음식료 - 밀가루,KOSDAQ,002680,한탑
572,음식료 - 밀가루,KOSPI,008040,사조동아원
572,음식료 - 밀가루,KOSPI,097950,CJ제일제당
572,음식료 - 밀가루,KOSPI,145990,삼양사
573,반도체·디스플레이 - 이송장비,KOSDAQ,056190,에스에프에이
573,반도체·디스플레이 - 이송장비,KOSDAQ,060310,3S
573,반도체·디스플레이 - 이송장비,KOSDAQ,071280,로체시스템즈
573,반도체·디스플레이 - 이송장비,KOSDAQ,160980,싸이맥스
573,반도체·디스플레이 - 이송장비,KOSDAQ,232680,라온테크
573,반도체·디스플레이 - 이송장비,KOSDAQ,417840,저스템
575,대형 건설사,KOSPI,000720,현대건설
575,대형 건설사,KOSPI,003070,코오롱글로벌
575,대형 건설사,KOSPI,006360,GS건설
575,대형 건설사,KOSPI,009410,태영건설
575,대형 건설사,KOSPI,013580,계룡건설
575,대형 건설사,KOSPI,028050,삼성엔지니어링
575,대형 건설사,KOSPI,028260,삼성물산
575,대형 건설사,KOSDAQ,035890,서희건설
575,대형 건설사,KOSPI,047040,대우건설
575,대형 건설사,KOSPI,294870,HDC현대산업개발
575,대형 건설사,KOSPI,375500,DL이앤씨
576,줄기세포치료제,KOSPI,002390,한독
576,줄기세포치료제,KOSPI,005690,파미셀
576,줄기세포치료제,KOSDAQ,007390,네이처셀
576,줄기세포치료제,KOSDAQ,052260,현대바이오랜드
576,줄기세포치료제,KOSDAQ,065660,안트로젠
576,줄기세포치료제,KOSDAQ,078160,메디포스트
576,줄기세포치료제,KOSDAQ,085660,차바이오텍
576,줄기세포치료제,KOSDAQ,166480,코아스템켐온
576,줄기세포치료제,KOSDAQ,217730,강스템바이오텍
576,줄기세포치료제,KOSDAQ,298060,에스씨엠생명과학
576,줄기세포치료제,KOSDAQ,304360,에스바이오메딕스
577,희귀질환 치료제,KOSPI,003520,영진약품
577,희귀질환 치료제,KOSPI,006280,녹십자
577,희귀질환 치료제,KOSDAQ,039200,오스코텍
577,희귀질환 치료제,KOSDAQ,065660,안트로젠
577,희귀질환 치료제,KOSDAQ,086890,이수앱지스
577,희귀질환 치료제,KOSDAQ,087010,펩트론
577,희귀질환 치료제,KOSPI,128940,한미약품
577,희귀질환 치료제,KOSDAQ,140410,메지온
577,희귀질환 치료제,KOSDAQ,142760,비엘
577,희귀질환 치료제,KOSDAQ,166480,코아스템켐온
577,희귀질환 치료제,KOSDAQ,175250,아이큐어
577,희귀질환 치료제,KOSDAQ,199800,툴젠
577,희귀질환 치료제,KOSDAQ,293780,압타바이오
577,희귀질환 치료제,KOSDAQ,321550,티움바이오
579,화재,KOSPI,005110,한창
579,화재,KOSDAQ,033540,파라텍
579,화재,KOSDAQ,036640,HRS
579,화재,KOSDAQ,039980,폴라리스AI
579,화재,KOSDAQ,041440,현대에버다임
579,화재,KOSDAQ,060560,홈센타홀딩스
579,화재,KOSDAQ,067170,오텍
579,화재,KOSPI,372910,한컴라이프케어
581,육계주,KOSDAQ,027710,팜스토리
581,육계주,KOSPI,027740,마니커
581,육계주,KOSDAQ,035810,이지홀딩스
581,육계주,KOSDAQ,066360,체리부로
581,육계주,KOSDAQ,088910,동우팜투테이블
581,육계주,KOSDAQ,136480,하림
581,육계주,KOSDAQ,195500,마니커에프앤지
581,육계주,KOSDAQ,208140,정다운
581,육계주,KOSDAQ,290720,푸드나무
582,그래핀(Graphene),KOSPI,012610,경인양행
582,그래핀(Graphene),KOSPI,012800,대창
582,그래핀(Graphene),KOSPI,024900,덕양산업
582,그래핀(Graphene),KOSDAQ,025320,시노펙스
582,그래핀(Graphene),KOSDAQ,027580,상보
582,그래핀(Graphene),KOSDAQ,045520,크린앤사이언스
582,그래핀(Graphene),KOSDAQ,054940,엑사이엔씨
582,그래핀(Graphene),KOSDAQ,065500,오리엔트정공
582,그래핀(Graphene),KOSDAQ,073110,엘엠에스
582,그래핀(Graphene),KOSDAQ,077360,덕산하이메탈
582,그래핀(Graphene),KOSDAQ,154040,다산솔루에타
582,그래핀(Graphene),KOSDAQ,187790,나노
582,그래핀(Graphene),KOSPI,195870,해성디에스
582,그래핀(Graphene),KOSDAQ,900250,크리스탈신소재
584,희토류,KOSPI,000910,유니온
584,희토류,KOSPI,024890,대원화성
584,희토류,KOSDAQ,037370,EG
584,희토류,KOSPI,047400,유니온머티리얼
584,희토류,KOSDAQ,075970,동국알앤에스
584,희토류,KOSDAQ,081150,티플랙스
584,희토류,KOSDAQ,222420,쎄노텍
584,희토류,KOSDAQ,222810,세토피아
584,희토류,KOSDAQ,285490,노바텍
585,대두,KOSPI,003960,사조대림
585,대두,KOSPI,006880,신송홀딩스
585,대두,KOSPI,007540,샘표
585,대두,KOSPI,017810,풀무원
585,대두,KOSPI,248170,샘표식품
586,폭염,KOSPI,000080,하이트진로
586,폭염,KOSPI,002700,신일전자
586,폭염,KOSPI,005180,빙그레
586,폭염,KOSPI,005300,롯데칠성
586,폭염,KOSPI,006890,태경케미컬
586,폭염,KOSDAQ,037070,파세코
586,폭염,KOSDAQ,042110,에스씨디
586,폭염,KOSDAQ,043340,에쎈테크
586,폭염,KOSDAQ,044340,위닉스
586,폭염,KOSDAQ,045520,크린앤사이언스
586,폭염,KOSDAQ,060310,3S
586,폭염,KOSDAQ,067170,오텍
586,폭염,KOSDAQ,071460,위니아
586,폭염,KOSPI,093370,후성
586,폭염,KOSDAQ,267790,배럴
586,폭염,KOSDAQ,276730,제주맥주
586,폭염,KOSPI,280360,롯데웰푸드
588,현대·기아차 부품주,KOSPI,002880,대유에이텍
588,현대·기아차 부품주,KOSPI,005850,에스엘
588,현대·기아차 부품주,KOSPI,010690,화신
588,현대·기아차 부품주,KOSPI,011210,현대위아
588,현대·기아차 부품주,KOSPI,012330,현대모비스
588,현대·기아차 부품주,KOSDAQ,012860,모베이스전자
588,현대·기아차 부품주,KOSDAQ,015750,성우하이텍
588,현대·기아차 부품주,KOSPI,016740,두올
588,현대·기아차 부품주,KOSPI,018880,한온시스템
588,현대·기아차 부품주,KOSDAQ,019540,일지테크
588,현대·기아차 부품주,KOSPI,023810,인팩
588,현대·기아차 부품주,KOSPI,025540,한국단자
588,현대·기아차 부품주,KOSDAQ,041930,동아화성
588,현대·기아차 부품주,KOSDAQ,043370,피에이치에이
588,현대·기아차 부품주,KOSDAQ,053270,구영테크
588,현대·기아차 부품주,KOSPI,064960,SNT모티브
588,현대·기아차 부품주,KOSDAQ,123410,코리아에프티
588,현대·기아차 부품주,KOSDAQ,170030,현대공업
588,현대·기아차 부품주,KOSPI,200880,서연이화
588,현대·기아차 부품주,KOSPI,204320,HL만도
588,현대·기아차 부품주,KOSPI,214330,금호에이치티
588,현대·기아차 부품주,KOSDAQ,215360,우리산업
588,현대·기아차 부품주,KOSPI,307950,현대오토에버
588,현대·기아차 부품주,KOSDAQ,437730,삼현
589,광고,KOSDAQ,010470,오리콤
589,광고,KOSPI,030000,제일기획
589,광고,KOSPI,035000,HS애드
589,광고,KOSDAQ,089600,나스미디어
589,광고,KOSDAQ,123570,이엠넷
589,광고,KOSDAQ,214270,FSN
589,광고,KOSPI,214320,이노션
589,광고,KOSDAQ,216050,인크로스
589,광고,KOSDAQ,230360,에코마케팅
589,광고,KOSDAQ,237820,플레이디
589,광고,KOSDAQ,273060,와이즈버즈
589,광고,KOSDAQ,321820,와이더플래닛
589,광고,KOSDAQ,362990,드림인사이트
589,광고,KOSDAQ,363260,모비데이즈
589,광고,KOSDAQ,367000,플래티어
589,광고,KOSDAQ,417860,오브젠
589,광고,KOSDAQ,443250,레뷰코퍼레이션
592,CRO(임상시험수탁기관),KOSPI,002630,오리엔트바이오
592,CRO(임상시험수탁기관),KOSDAQ,086040,바이오톡스텍
592,CRO(임상시험수탁기관),KOSDAQ,166480,코아스템켐온
592,CRO(임상시험수탁기관),KOSDAQ,187660,에이디엠코리아
592,CRO(임상시험수탁기관),KOSDAQ,199730,바이오인프라
592,CRO(임상시험수탁기관),KOSDAQ,215380,우정바이오
592,CRO(임상시험수탁기관),KOSDAQ,223250,드림씨아이에스
592,CRO(임상시험수탁기관),KOSDAQ,278650,HLB바이오스텝
592,CRO(임상시험수탁기관),KOSDAQ,383930,디티앤씨알오
594,주정,KOSDAQ,004650,창해에탄올
594,주정,KOSDAQ,017890,한국알콜
594,주정,KOSDAQ,018120,진로발효
594,주정,KOSPI,023150,MH에탄올
594,주정,KOSDAQ,023900,풍국주정
595,웹툰,KOSPI,020120,키다리스튜디오
595,웹툰,KOSPI,035420,NAVER
595,웹툰,KOSPI,035720,카카오
595,웹툰,KOSDAQ,048910,대원미디어
595,웹툰,KOSDAQ,134580,탑코미디어
595,웹툰,KOSPI,181710,NHN
595,웹툰,KOSDAQ,207760,미스터블루
595,웹툰,KOSDAQ,236810,엔비티
595,웹툰,KOSDAQ,263720,디앤씨미디어
595,웹툰,KOSDAQ,417180,핑거스토리
595,웹툰,KOSDAQ,432430,와이랩
595,웹툰,KOSDAQ,950190,고스트스튜디오
596,LNG선 - 기자재,KOSDAQ,013030,하이록코리아
596,LNG선 - 기자재,KOSDAQ,014620,성광벤드
596,LNG선 - 기자재,KOSPI,017960,한국카본
596,LNG선 - 기자재,KOSDAQ,023160,태광
596,LNG선 - 기자재,KOSDAQ,033500,동성화인텍
596,LNG선 - 기자재,KOSPI,075580,세진중공업
596,LNG선 - 기자재,KOSPI,082740,한화엔진
596,LNG선 - 기자재,KOSPI,085310,엔케이
596,LNG선 - 기자재,KOSDAQ,101930,인화정공
596,LNG선 - 기자재,KOSDAQ,105740,디케이락
596,LNG선 - 기자재,KOSDAQ,108380,대양전기공업
